scoreName,All,AttributeError,TypeError
Top-1,0.552904,0.6371201157742402,0.5705912031815753
Top-3,0.752926,0.8312831644958997,0.7804208464415029
