scoreName,score
baseline,0.552904
Attribute,0.6371201157742402
Type,0.5705912031815753
Value,0.5051950264009538
Key,0.558282208588957