scoreName,score
Baseline,0.29542002098
Top-1,0.602769
Top-3,0.78749
