scoreName,score
noTypes,0.4191666666666667,
noContext,0.39366666666666666
all,0.48833333333333334
