scoreName,noTypes,noContext,noSlice,all
Top-1,0.4191666666666667,0.39366666666666666,0.480333333333,0.48833333333333334
Top-3,0.6435,0.629,0.708333333333,0.7085
